<?xml version="1.0" encoding="UTF-8"?>
<!DOCTYPE struts PUBLIC
"-//Apache Software Foundation//DTD Struts Configuration 2.0//EN"
"http://struts.apache.org/dtds/struts-2.0.dtd">

<struts>
	<package name="svkpkg" namespace="/" extends = "struts-default">
		<interceptors>
			<interceptor name="firstInt" class="com.svk.struts2.MyFirstInterceptor"/>
			<interceptor name="secondInt" class="com.svk.struts2.MySecondInterceptor"/>
		</interceptors>
	 	
		<action name="Login">
			<interceptor-ref name = "timer"/>
			<result>login.jsp</result>
		</action>
		
		<action name="success" class="com.svk.struts2.WelcomePage">
			
			<interceptor-ref name = "timer"/>
 			<interceptor-ref name = "params"/>
 			<interceptor-ref name="firstInt"/>
 			<interceptor-ref name="secondInt"/>
 			<result name = "SUCCESS">success.jsp</result>
			<result name = "FAILURE">failure.jsp</result>
			<result name = "input">login.jsp</result> 
		</action>
	</package>


</struts>

